{"stats":{"minecraft:killed_by":{"jujutsucraft:itadori_yuji":2,"jujutsucraft:cursed_spirit_grade_35":1,"minecraft:player":7,"jujutsucraft:uro_takako":1},"minecraft:custom":{"minecraft:time_since_rest":195,"minecraft:sprint_one_cm":43766,"minecraft:damage_taken":4764,"minecraft:walk_one_cm":54732,"minecraft:mob_kills":5,"minecraft:damage_dealt":14,"minecraft:swim_one_cm":5045,"minecraft:fly_one_cm":91957,"minecraft:crouch_one_cm":2410,"minecraft:play_time":16029,"minecraft:deaths":11,"minecraft:sneak_time":588,"minecraft:walk_under_water_one_cm":868,"minecraft:jump":427,"minecraft:damage_dealt_resisted":311,"minecraft:walk_on_water_one_cm":3093,"minecraft:time_since_death":167,"minecraft:total_world_time":16029,"minecraft:fall_one_cm":9773},"minecraft:crafted":{"minecraft:acacia_planks":8},"minecraft:picked_up":{"minecraft:feather":2,"minecraft:chicken":1,"minecraft:composter":1,"minecraft:leather":3,"minecraft:acacia_log":2,"minecraft:potato":2,"jujutsucraft:cursed_technique_changer":2,"minecraft:ink_sac":2,"minecraft:dirt":2,"minecraft:apple":2,"minecraft:gold_nugget":1,"minecraft:beef":3,"minecraft:bread":8,"minecraft:sugar_cane":2,"minecraft:dark_oak_fence":1,"minecraft:mutton":1,"minecraft:white_wool":1},"minecraft:used":{"jujutsucraft:clothes_zenin_naobito_chestplate":1,"jujutsucraft:knife":7,"jujutsucraft:uniform_normal_boots":1,"minecraft:dirt":1,"jujutsucraft:clothes_zenin_chestplate":2,"jujutsucraft:clothes_zenin_leggings":1,"jujutsucraft:uniform_normal_leggings":1,"minecraft:acacia_planks":8,"jujutsucraft:uniform_normal_chestplate":3},"minecraft:mined":{"minecraft:grass":6,"minecraft:acacia_log":2,"minecraft:grass_block":3,"minecraft:tall_grass":2,"minecraft:sugar_cane":1,"minecraft:composter":1,"minecraft:oak_leaves":1},"minecraft:killed":{"jujutsucraft:cursed_spirit_grade_31":1,"minecraft:squid":1,"minecraft:cow":2}},"DataVersion":3465}