{"stats":{"minecraft:custom":{"minecraft:time_since_rest":4029,"minecraft:play_time":4029,"minecraft:crouch_one_cm":800,"minecraft:sprint_one_cm":18448,"minecraft:damage_taken":110,"minecraft:walk_one_cm":9134,"minecraft:sneak_time":238,"minecraft:walk_under_water_one_cm":868,"minecraft:mob_kills":3,"minecraft:jump":90,"minecraft:time_since_death":4029,"minecraft:walk_on_water_one_cm":2749,"minecraft:total_world_time":4029,"minecraft:swim_one_cm":5045,"minecraft:fall_one_cm":4627,"minecraft:fly_one_cm":15992},"minecraft:picked_up":{"minecraft:leather":3,"minecraft:acacia_log":2,"minecraft:beef":3,"minecraft:ink_sac":2,"minecraft:sugar_cane":2,"minecraft:dirt":1},"minecraft:used":{"jujutsucraft:clothes_zenin_naobito_chestplate":1,"minecraft:dirt":1,"jujutsucraft:clothes_zenin_chestplate":2,"jujutsucraft:clothes_zenin_leggings":1,"jujutsucraft:uniform_normal_leggings":1,"jujutsucraft:uniform_normal_boots":1,"jujutsucraft:uniform_normal_chestplate":2},"minecraft:mined":{"minecraft:acacia_log":2,"minecraft:grass_block":2,"minecraft:sugar_cane":1,"minecraft:oak_leaves":1},"minecraft:killed":{"minecraft:squid":1,"minecraft:cow":2}},"DataVersion":3465}