{"stats":{"minecraft:dropped":{"jujutsucraft:cursed_technique_starter":1,"jujutsucraft:uniform_gojo_boots":1,"minecraft:wheat_seeds":3,"jujutsucraft:uniform_normal_leggings":1,"jujutsucraft:costume_takaba_boots":1,"jujutsucraft:knife":1,"jujutsucraft:clothes_todo_aoi_leggings":2,"jujutsucraft:uniform_normal_chestplate":1,"jujutsucraft:clothes_zenin_leggings":1,"minecraft:grass":2,"jujutsucraft:clothes_zenin_chestplate":1,"jujutsucraft:clothes_zenin_naobito_chestplate":1,"jujutsucraft:clothes_dagon_helmet":1,"jujutsucraft:clothes_zenin_boots":1,"jujutsucraft:muscular_body_chestplate":1,"jujutsucraft:pendant_todo_aoi":1},"minecraft:killed_by":{"jujutsucraft:itadori_yuji":2,"jujutsucraft:cursed_spirit_grade_35":1,"minecraft:player":8,"jujutsucraft:todo_aoi":1,"jujutsucraft:charles_bernard":1,"jujutsucraft:uro_takako":1,"jujutsucraft:cursed_spirit_grade_34":1},"minecraft:custom":{"minecraft:mob_kills":11,"minecraft:damage_dealt_resisted":1079,"minecraft:leave_game":1,"minecraft:time_since_death":1447,"minecraft:damage_resisted":401,"minecraft:time_since_rest":1476,"minecraft:sprint_one_cm":51491,"minecraft:walk_one_cm":102361,"minecraft:damage_taken":6598,"minecraft:drop":20,"minecraft:damage_dealt":107,"minecraft:swim_one_cm":5045,"minecraft:fly_one_cm":199135,"minecraft:crouch_one_cm":2961,"minecraft:play_time":29445,"minecraft:deaths":15,"minecraft:sneak_time":795,"minecraft:walk_under_water_one_cm":868,"minecraft:jump":692,"minecraft:walk_on_water_one_cm":3093,"minecraft:total_world_time":29445,"minecraft:fall_one_cm":13748},"minecraft:crafted":{"minecraft:acacia_planks":8},"minecraft:picked_up":{"minecraft:feather":2,"minecraft:chicken":1,"jujutsucraft:uniform_gojo_boots":1,"minecraft:leather":3,"minecraft:potato":2,"jujutsucraft:cursed_technique_changer":4,"jujutsucraft:clothes_todo_aoi_leggings":1,"jujutsucraft:clothes_zenin_boots":1,"minecraft:dirt":2,"jujutsucraft:clothes_zenin_leggings":1,"jujutsucraft:cursed_technique_starter":1,"minecraft:apple":2,"jujutsucraft:costume_takaba_boots":1,"minecraft:wheat_seeds":3,"minecraft:gold_nugget":1,"minecraft:beef":3,"minecraft:sugar_cane":2,"minecraft:composter":1,"jujutsucraft:item_master_simple_domain":1,"minecraft:acacia_log":2,"minecraft:ink_sac":2,"jujutsucraft:item_master_reverse_cursed_technique":1,"minecraft:grass":2,"jujutsucraft:item_master_falling_blossom_emotion":1,"jujutsucraft:clothes_dagon_helmet":1,"minecraft:bread":8,"jujutsucraft:muscular_body_chestplate":1,"minecraft:mutton":1,"minecraft:dark_oak_fence":1,"minecraft:white_wool":1},"minecraft:used":{"jujutsucraft:uniform_normal_boots":1,"minecraft:dirt":1,"jujutsucraft:uniform_gojo_boots":1,"jujutsucraft:clothes_zenin_chestplate":2,"jujutsucraft:uniform_normal_chestplate":3,"jujutsucraft:clothes_zenin_naobito_chestplate":1,"jujutsucraft:knife":8,"jujutsucraft:muscular_body_chestplate":1,"jujutsucraft:clothes_zenin_leggings":1,"jujutsucraft:uniform_normal_leggings":1,"minecraft:acacia_planks":8},"minecraft:mined":{"minecraft:acacia_log":2,"minecraft:grass_block":3,"minecraft:tall_grass":2,"minecraft:composter":1,"minecraft:sugar_cane":1,"minecraft:grass":7,"minecraft:oak_leaves":1},"minecraft:killed":{"jujutsucraft:cursed_spirit_grade_31":1,"jujutsucraft:cursed_spirit_grade_318":1,"minecraft:squid":1,"jujutsucraft:cursed_spirit_grade_39":2,"jujutsucraft:cursed_spirit_grade_313":1,"jujutsucraft:cursed_spirit_grade_314":1,"jujutsucraft:cursed_spirit_grade_34":1,"minecraft:cow":2}},"DataVersion":3465}