{"stats":{"minecraft:dropped":{"jujutsucraft:cursed_technique_starter":1,"jujutsucraft:uniform_normal_leggings":1,"jujutsucraft:clothes_zenin_naobito_chestplate":1},"minecraft:killed_by":{"jujutsucraft:zenin_naobito":1,"jujutsucraft:cursed_spirit_grade_38":2,"jujutsucraft:reggie_star":1,"jujutsucraft:cursed_spirit_grade_39":1,"jujutsucraft:cursed_spirit_grade_16":1,"jujutsucraft:cursed_spirit_grade_14":1,"jujutsucraft:zenin_chojuro":1,"jujutsucraft:negi_toshihisa":1,"jujutsucraft:cursed_spirit_grade_13":1,"jujutsucraft:higuruma_hiromi":1,"jujutsucraft:charles_bernard":1,"jujutsucraft:kashimo_hajime":4,"jujutsucraft:cursed_spirit_grade_07":4,"jujutsucraft:cursed_spirit_grade_22":7,"jujutsucraft:zenin_naoya":1,"jujutsucraft:panda_gorilla":1,"jujutsucraft:curse_user_1":1,"jujutsucraft:tsukumo_yuki":2,"jujutsucraft:cursed_spirit_grade_18":1,"jujutsucraft:cursed_spirit_grade_314":1,"jujutsucraft:cursed_spirit_grade_315":1,"jujutsucraft:eight_handled_swrod_divergent_sila_divine_general_mahoraga":1,"jujutsucraft:cursed_spirit_grade_34":1,"jujutsucraft:dagon_2":2,"jujutsucraft:geto_suguru_curse_user":2},"minecraft:custom":{"minecraft:mob_kills":78,"minecraft:bell_ring":1,"minecraft:damage_dealt_resisted":10935,"minecraft:leave_game":1,"minecraft:time_since_death":1142,"minecraft:climb_one_cm":1243,"minecraft:damage_resisted":5884,"minecraft:time_since_rest":1168,"minecraft:sprint_one_cm":321270,"minecraft:damage_taken":16447,"minecraft:walk_one_cm":200080,"minecraft:drop":3,"minecraft:damage_dealt":15,"minecraft:swim_one_cm":18415,"minecraft:fly_one_cm":879962,"minecraft:crouch_one_cm":1355,"minecraft:play_time":71683,"minecraft:deaths":42,"minecraft:sneak_time":336,"minecraft:walk_under_water_one_cm":4792,"minecraft:jump":2358,"minecraft:walk_on_water_one_cm":16750,"minecraft:total_world_time":71683,"minecraft:fall_one_cm":138996},"minecraft:picked_up":{"minecraft:feather":1,"minecraft:chicken":2,"minecraft:dirt":6,"jujutsucraft:uniform_normal_leggings":1,"jujutsucraft:cursed_technique_starter":1,"minecraft:wheat_seeds":2,"minecraft:egg":1,"minecraft:grass_block":1,"jujutsucraft:clothes_zenin_naobito_chestplate":1,"minecraft:mutton":2,"minecraft:white_wool":1},"minecraft:used":{"jujutsucraft:uniform_normal_boots":2,"minecraft:white_wool":1,"minecraft:dirt":5,"jujutsucraft:clothes_zenin_chestplate":3,"jujutsucraft:uniform_normal_chestplate":3,"jujutsucraft:clothes_zenin_boots":2,"jujutsucraft:clothes_zenin_naobito_chestplate":2,"jujutsucraft:knife":11,"minecraft:grass_block":1,"jujutsucraft:clothes_zenin_leggings":2,"jujutsucraft:uniform_normal_leggings":3},"minecraft:mined":{"minecraft:grass_block":4,"minecraft:tall_grass":1,"minecraft:fire":1,"minecraft:grass":11,"minecraft:dirt":2},"minecraft:killed":{"jujutsucraft:cursed_spirit_grade_32":11,"jujutsucraft:cursed_spirit_grade_210":1,"jujutsucraft:cursed_spirit_grade_33":16,"minecraft:pig":1,"jujutsucraft:cursed_spirit_grade_318":6,"jujutsucraft:cursed_spirit_grade_316":2,"minecraft:sheep":1,"jujutsucraft:cursed_spirit_grade_39":7,"jujutsucraft:cursed_spirit_grade_314":4,"jujutsucraft:cursed_spirit_grade_313":2,"jujutsucraft:crow":1,"jujutsucraft:cursed_spirit_grade_311":1,"minecraft:chicken":1,"jujutsucraft:cursed_spirit_grade_36":5,"jujutsucraft:cursed_spirit_grade_317":5,"jujutsucraft:cursed_spirit_grade_315":5,"jujutsucraft:cursed_spirit_grade_34":3,"jujutsucraft:cursed_spirit_grade_319":4}},"DataVersion":3465}