{"stats":{"minecraft:crafted":{"minecraft:wooden_sword":1,"minecraft:oak_door":3,"minecraft:oak_planks":16,"minecraft:furnace":1,"minecraft:stone_pickaxe":1,"minecraft:wooden_shovel":1,"minecraft:crafting_table":1,"minecraft:wooden_pickaxe":1,"minecraft:stone_axe":1,"minecraft:oak_boat":1,"minecraft:stick":16,"minecraft:iron_ingot":8,"minecraft:iron_pickaxe":1,"minecraft:wooden_axe":1,"minecraft:black_bed":1,"minecraft:acacia_planks":16,"minecraft:torch":4},"minecraft:mined":{"minecraft:diamond_ore":5,"minecraft:white_bed":1,"minecraft:oak_door":2,"minecraft:granite":1,"minecraft:acacia_log":4,"minecraft:grass_block":6,"minecraft:decorated_pot":2,"minecraft:sandstone":6,"minecraft:spawner":1,"minecraft:hay_block":10,"minecraft:furnace":1,"minecraft:iron_ore":10,"minecraft:andesite":5,"minecraft:packed_ice":8,"minecraft:stone":138,"minecraft:crafting_table":6,"minecraft:tall_grass":4,"minecraft:lapis_ore":2,"minecraft:oak_planks":5,"minecraft:diorite":7,"minecraft:black_wool":4,"minecraft:grass":20,"minecraft:oak_log":4,"minecraft:coal_ore":23,"minecraft:gravel":2,"minecraft:sand":2,"minecraft:dirt":9,"minecraft:acacia_planks":1},"minecraft:used":{"minecraft:oak_door":5,"minecraft:torch":5,"minecraft:dirt":6,"jujutsucraft:clothes_fushiguro_toji_leggings":1,"jujutsucraft:clothes_zenin_boots":1,"minecraft:wooden_axe":10,"jujutsucraft:clothes_sukuna_fushiguro_chestplate":1,"minecraft:furnace":1,"minecraft:acacia_planks":1,"jujutsucraft:sword_black":35,"minecraft:stone_pickaxe":113,"minecraft:oak_planks":1,"minecraft:wooden_pickaxe":59,"minecraft:sand":1,"minecraft:crafting_table":7,"minecraft:white_bed":1,"minecraft:black_bed":1,"minecraft:iron_pickaxe":38,"minecraft:stone_axe":11,"minecraft:wooden_sword":5,"minecraft:cobblestone":4,"minecraft:oak_boat":4},"minecraft:killed_by":{"jujutsucraft:transfigured_human_3":2,"jujutsucraft:cursed_spirit_grade_35":1,"jujutsucraft:cursed_spirit_grade_16":2,"jujutsucraft:mahito":1,"jujutsucraft:cursed_spirit_grade_11":1,"jujutsucraft:cursed_spirit_grade_12":1,"jujutsucraft:kashimo_hajime":3,"jujutsucraft:cursed_spirit_grade_07":1,"jujutsucraft:cursed_spirit_grade_22":4,"jujutsucraft:cursed_spirit_grade_26":1,"jujutsucraft:kusakabe_yatsuya":2,"jujutsucraft:fushiguro_megumi":1,"jujutsucraft:cursed_spirit_grade_27":5,"jujutsucraft:cursed_spirit_grade_23":1,"jujutsucraft:sukuna_fushiguro":1,"jujutsucraft:reggie_star":5,"jujutsucraft:jogo":1,"jujutsucraft:kumiya_juzo":4,"jujutsucraft:ishigori_ryu":1,"jujutsucraft:yorozu":2,"jujutsucraft:cursed_spirit_grade_29":1,"jujutsucraft:eight_handled_swrod_divergent_sila_divine_general_mahoraga":3},"minecraft:custom":{"minecraft:mob_kills":124,"minecraft:interact_with_crafting_table":11,"minecraft:damage_dealt_resisted":37807,"minecraft:leave_game":4,"minecraft:time_since_death":16791,"minecraft:climb_one_cm":2448,"minecraft:damage_resisted":12053,"minecraft:sprint_one_cm":420699,"minecraft:walk_one_cm":134374,"minecraft:drop":6,"minecraft:talked_to_villager":1,"minecraft:play_time":166276,"minecraft:deaths":46,"minecraft:sneak_time":1239,"minecraft:walk_under_water_one_cm":38211,"minecraft:interact_with_brewingstand":1,"minecraft:boat_one_cm":149445,"minecraft:jump":4659,"minecraft:walk_on_water_one_cm":119644,"minecraft:total_world_time":166276,"minecraft:interact_with_furnace":4,"minecraft:sleep_in_bed":3,"minecraft:time_since_rest":4923,"minecraft:damage_taken":19607,"minecraft:damage_dealt":426,"minecraft:swim_one_cm":117661,"minecraft:fly_one_cm":1519739,"minecraft:open_chest":5,"minecraft:crouch_one_cm":403,"minecraft:fall_one_cm":292389},"minecraft:broken":{"minecraft:wooden_pickaxe":1},"minecraft:dropped":{"jujutsucraft:sword_black":1,"minecraft:tropical_fish":2,"minecraft:wooden_axe":1,"minecraft:andesite":5,"minecraft:wooden_shovel":1,"minecraft:stone_pickaxe":1},"minecraft:killed":{"jujutsucraft:cursed_spirit_grade_32":6,"jujutsucraft:transfigured_human_3":1,"jujutsucraft:cursed_spirit_grade_33":14,"jujutsucraft:reggie_star":1,"jujutsucraft:cursed_spirit_grade_24":1,"jujutsucraft:cursed_spirit_grade_318":2,"jujutsucraft:cursed_spirit_grade_316":1,"jujutsucraft:kumiya_juzo":1,"jujutsucraft:cursed_spirit_grade_22":1,"minecraft:pufferfish":1,"jujutsucraft:cursed_spirit_grade_39":10,"jujutsucraft:shigemo_haruta":1,"jujutsucraft:cursed_spirit_grade_312":2,"jujutsucraft:cursed_spirit_grade_313":2,"minecraft:chicken":1,"jujutsucraft:rozetsu_shikigami":1,"jujutsucraft:cursed_spirit_grade_23":1,"jujutsucraft:cursed_spirit_grade_317":9,"jujutsucraft:cursed_spirit_grade_38":2,"jujutsucraft:cursed_spirit_grade_34":8,"jujutsucraft:transfigured_human_1":1,"jujutsucraft:cursed_spirit_grade_27":3,"minecraft:tropical_fish":6,"jujutsucraft:jujutsu_sorcerer":1,"minecraft:bat":8,"jujutsucraft:curse_user_1":1,"jujutsucraft:curse_user":1,"jujutsucraft:cursed_spirit_grade_29":1,"jujutsucraft:cursed_spirit_grade_28":1,"jujutsucraft:cursed_spirit_grade_314":3,"jujutsucraft:cursed_spirit_grade_311":1,"jujutsucraft:cursed_spirit_grade_310":2,"jujutsucraft:negi_toshihisa":1,"jujutsucraft:cursed_spirit_grade_36":7,"jujutsucraft:cursed_spirit_grade_315":9,"jujutsucraft:cursed_spirit_grade_319":6,"minecraft:villager":2},"minecraft:picked_up":{"minecraft:wooden_axe":1,"minecraft:birch_door":1,"minecraft:crafting_table":6,"minecraft:wooden_sword":1,"minecraft:red_sand":2,"jujutsucraft:sword_black":2,"minecraft:oak_boat":4,"minecraft:furnace":1,"minecraft:raw_iron":8,"minecraft:sandstone":7,"minecraft:stone":1,"minecraft:oak_door":2,"minecraft:acacia_log":4,"minecraft:torch":1,"minecraft:diorite":6,"minecraft:tropical_fish":2,"minecraft:hay_block":10,"minecraft:yellow_terracotta":1,"minecraft:rail":12,"minecraft:cobblestone":134,"minecraft:feather":1,"minecraft:glow_ink_sac":1,"minecraft:andesite":5,"minecraft:flint":1,"minecraft:oak_log":4,"minecraft:lapis_lazuli":14,"minecraft:dirt":15,"minecraft:acacia_planks":1,"minecraft:kelp":12,"minecraft:wheat_seeds":3,"minecraft:stone_pickaxe":1,"minecraft:oak_planks":5,"minecraft:gravel":1,"minecraft:sand":5,"minecraft:white_bed":1,"minecraft:diamond":5,"minecraft:granite":1,"minecraft:oak_sapling":1,"minecraft:black_wool":4,"minecraft:coal":21}},"DataVersion":3465}