{"stats":{"minecraft:picked_up":{"minecraft:wooden_axe":1,"minecraft:crafting_table":6,"minecraft:birch_door":2,"minecraft:wooden_sword":1,"minecraft:red_sand":2,"jujutsucraft:sword_black":2,"minecraft:oak_boat":5,"minecraft:furnace":1,"minecraft:raw_iron":8,"minecraft:sandstone":7,"minecraft:stone":1,"minecraft:oak_door":2,"minecraft:torch":1,"minecraft:acacia_log":4,"minecraft:diorite":6,"minecraft:tropical_fish":2,"minecraft:hay_block":10,"jujutsucraft:clothes_kusakabe_leggings":2,"minecraft:yellow_terracotta":4,"minecraft:rail":12,"minecraft:cobblestone":145,"minecraft:feather":1,"minecraft:glow_ink_sac":30,"minecraft:andesite":5,"minecraft:flint":1,"minecraft:oak_log":14,"minecraft:lapis_lazuli":14,"minecraft:dirt":15,"minecraft:acacia_planks":1,"minecraft:kelp":64,"minecraft:wheat_seeds":3,"minecraft:stone_pickaxe":1,"minecraft:oak_planks":5,"minecraft:gravel":1,"minecraft:sand":5,"jujutsucraft:uniform_normal_chestplate":1,"minecraft:white_bed":1,"minecraft:diamond":58,"minecraft:granite":1,"minecraft:oak_sapling":1,"minecraft:black_wool":4,"minecraft:coal":21},"minecraft:custom":{"minecraft:mob_kills":645,"minecraft:interact_with_crafting_table":13,"minecraft:damage_dealt_resisted":403477,"minecraft:leave_game":8,"minecraft:time_since_death":5099,"minecraft:climb_one_cm":3644,"minecraft:damage_resisted":75546,"minecraft:sprint_one_cm":1750949,"minecraft:walk_one_cm":415296,"minecraft:drop":21,"minecraft:talked_to_villager":1,"minecraft:play_time":299916,"minecraft:deaths":71,"minecraft:sneak_time":1344,"minecraft:walk_under_water_one_cm":58646,"minecraft:interact_with_brewingstand":3,"minecraft:boat_one_cm":187965,"minecraft:jump":7644,"minecraft:walk_on_water_one_cm":231976,"minecraft:total_world_time":299916,"minecraft:interact_with_furnace":4,"minecraft:sleep_in_bed":3,"minecraft:time_since_rest":5128,"minecraft:damage_taken":37773,"minecraft:trigger_trapped_chest":1,"minecraft:damage_dealt":1235,"minecraft:swim_one_cm":248020,"minecraft:fly_one_cm":2822871,"minecraft:open_chest":10,"minecraft:crouch_one_cm":701,"minecraft:fall_one_cm":500286},"minecraft:killed":{"jujutsucraft:cursed_spirit_grade_32":18,"jujutsucraft:transfigured_human_3":2,"jujutsucraft:cursed_spirit_grade_21":2,"jujutsucraft:dhruv_lakdawalla":2,"jujutsucraft:cursed_spirit_grade_31":5,"jujutsucraft:inumaki_toge":2,"jujutsucraft:cursed_spirit_grade_33":49,"jujutsucraft:reggie_star":1,"jujutsucraft:nanako":2,"jujutsucraft:cursed_spirit_grade_11":2,"jujutsucraft:charles_bernard":1,"jujutsucraft:cursed_spirit_grade_24":3,"jujutsucraft:cursed_spirit_grade_12":1,"jujutsucraft:earthen_insect_trance":2,"jujutsucraft:miguel":1,"jujutsucraft:fushiguro_megumi_shibuya":1,"jujutsucraft:cursed_spirit_grade_35":3,"jujutsucraft:yoshino_junpei":1,"jujutsucraft:cursed_spirit_grade_318":11,"jujutsucraft:mahito":1,"jujutsucraft:cursed_spirit_grade_316":8,"minecraft:cod":9,"jujutsucraft:cursed_spirit_grade_26":1,"jujutsucraft:cursed_spirit_grade_22":7,"minecraft:dolphin":1,"jujutsucraft:kumiya_juzo":2,"jujutsucraft:transfigured_human_2":2,"minecraft:pufferfish":4,"jujutsucraft:shikigami_pterosaur":1,"jujutsucraft:cursed_spirit_grade_04":1,"jujutsucraft:cursed_spirit_grade_39":42,"jujutsucraft:fox_fire":2,"jujutsucraft:shigemo_haruta":2,"jujutsucraft:cursed_spirit_grade_312":2,"jujutsucraft:cursed_spirit_grade_313":2,"jujutsucraft:larue":1,"jujutsucraft:cursed_spirit_grade_15":3,"minecraft:chicken":1,"jujutsucraft:cursed_spirit_grade_19":1,"jujutsucraft:cursed_spirit_grade_16":2,"jujutsucraft:rabbit_escape":1,"jujutsucraft:rozetsu_shikigami":3,"jujutsucraft:gojo_satoru_school_days":1,"jujutsucraft:cursed_spirit_grade_23":4,"jujutsucraft:itadori_yuji_shibuya":1,"jujutsucraft:eso":1,"jujutsucraft:cursed_spirit_grade_317":21,"jujutsucraft:cursed_spirit_grade_38":10,"jujutsucraft:cursed_spirit_grade_34":30,"jujutsucraft:transfigured_human_1":2,"minecraft:tropical_fish":59,"jujutsucraft:cursed_spirit_grade_27":3,"jujutsucraft:entity_mahito_hand_3":1,"jujutsucraft:cursed_spirit_grade_210":1,"jujutsucraft:entity_door":4,"minecraft:pig":1,"jujutsucraft:ice_spear_2":2,"jujutsucraft:jujutsu_sorcerer":3,"jujutsucraft:truck":1,"jujutsucraft:nishimiya_momo":1,"minecraft:salmon":3,"jujutsucraft:awasaka_jiro":2,"jujutsucraft:zenin_jinichi":1,"minecraft:bat":48,"jujutsucraft:coffin":2,"jujutsucraft:curse_user_1":6,"jujutsucraft:cursed_spirit_grade_211":1,"jujutsucraft:curse_user":5,"jujutsucraft:cursed_spirit_grade_07":1,"minecraft:squid":5,"jujutsucraft:panda_gorilla":2,"jujutsucraft:cursed_spirit_grade_29":2,"jujutsucraft:cursed_spirit_grade_28":1,"jujutsucraft:cursed_spirit_grade_314":25,"jujutsucraft:entity_scissors":35,"jujutsucraft:kenjaku":1,"jujutsucraft:cursed_spirit_grade_14":2,"jujutsucraft:cockroaches":14,"jujutsucraft:cursed_spirit_grade_311":5,"jujutsucraft:cursed_spirit_grade_310":11,"jujutsucraft:negi_toshihisa":3,"jujutsucraft:cursed_spirit_grade_36":17,"jujutsucraft:slicing_exorcism":2,"jujutsucraft:cursed_spirit_grade_18":1,"jujutsucraft:cursed_spirit_grade_17":1,"jujutsucraft:todo_aoi":1,"minecraft:glow_squid":7,"jujutsucraft:cursed_spirit_grade_25":3,"jujutsucraft:cursed_spirit_grade_110":1,"jujutsucraft:cursed_spirit_grade_315":23,"jujutsucraft:cursed_spirit_grade_212":6,"jujutsucraft:cursed_spirit_grade_319":13,"jujutsucraft:cursed_spirit_grade_02":1,"jujutsucraft:killer_1":1,"jujutsucraft:cursed_spirit_grade_06":1,"minecraft:villager":3,"jujutsucraft:q":1,"jujutsucraft:fushiguro_megumi":1,"jujutsucraft:gravestone_3":3},"minecraft:killed_by":{"jujutsucraft:gojo_satoru_school_days":1,"jujutsucraft:transfigured_human_3":2,"jujutsucraft:cursed_spirit_grade_35":1,"jujutsucraft:cursed_spirit_grade_16":3,"jujutsucraft:kenjaku":5,"jujutsucraft:todo_aoi":1,"jujutsucraft:mahito":3,"jujutsucraft:cursed_spirit_grade_11":1,"jujutsucraft:cursed_spirit_grade_12":1,"jujutsucraft:hakari_kinji":1,"jujutsucraft:kashimo_hajime":3,"jujutsucraft:cursed_spirit_grade_07":1,"jujutsucraft:cursed_spirit_grade_22":4,"jujutsucraft:cursed_spirit_grade_26":1,"jujutsucraft:cursed_spirit_grade_110":1,"jujutsucraft:kusakabe_yatsuya":3,"jujutsucraft:fushiguro_toji":4,"jujutsucraft:fushiguro_megumi":1,"jujutsucraft:sukuna":3,"jujutsucraft:hanami":1,"jujutsucraft:cursed_spirit_grade_04":1,"jujutsucraft:cursed_spirit_grade_27":5,"jujutsucraft:cursed_spirit_grade_23":1,"jujutsucraft:sukuna_fushiguro":2,"jujutsucraft:reggie_star":5,"jujutsucraft:jogo":1,"jujutsucraft:kumiya_juzo":4,"jujutsucraft:higuruma_hiromi":1,"jujutsucraft:ishigori_ryu":1,"jujutsucraft:yorozu":2,"jujutsucraft:cursed_spirit_grade_29":1,"jujutsucraft:eight_handled_swrod_divergent_sila_divine_general_mahoraga":3},"minecraft:broken":{"minecraft:wooden_pickaxe":1},"minecraft:mined":{"minecraft:diamond_ore":37,"minecraft:white_bed":1,"minecraft:deepslate_diamond_ore":22,"minecraft:oak_door":2,"minecraft:granite":3,"minecraft:acacia_log":4,"minecraft:grass_block":6,"minecraft:decorated_pot":2,"minecraft:sandstone":6,"minecraft:spawner":1,"minecraft:hay_block":10,"minecraft:furnace":1,"minecraft:iron_ore":10,"minecraft:andesite":5,"minecraft:packed_ice":46,"minecraft:stone":159,"minecraft:glass_pane":2,"minecraft:crafting_table":6,"minecraft:tall_grass":4,"minecraft:cobblestone":1,"minecraft:lapis_ore":2,"minecraft:oak_planks":5,"minecraft:diorite":7,"minecraft:black_wool":4,"minecraft:grass":21,"minecraft:coal_ore":23,"minecraft:oak_log":14,"minecraft:sand":2,"minecraft:gravel":3,"minecraft:dirt":10,"minecraft:acacia_planks":1,"minecraft:oak_leaves":1,"minecraft:deepslate":1},"minecraft:crafted":{"minecraft:wooden_sword":1,"minecraft:oak_door":3,"minecraft:oak_planks":40,"minecraft:furnace":1,"minecraft:stone_pickaxe":1,"minecraft:wooden_shovel":1,"minecraft:diamond_sword":1,"minecraft:crafting_table":3,"minecraft:wooden_pickaxe":1,"minecraft:stone_axe":1,"minecraft:oak_boat":1,"minecraft:stick":16,"minecraft:iron_ingot":8,"minecraft:iron_pickaxe":1,"minecraft:wooden_axe":1,"minecraft:black_bed":1,"minecraft:acacia_planks":16,"minecraft:torch":4},"minecraft:used":{"minecraft:oak_door":5,"minecraft:torch":5,"minecraft:dirt":6,"jujutsucraft:clothes_fushiguro_toji_leggings":1,"jujutsucraft:clothes_zenin_boots":1,"minecraft:wooden_axe":10,"jujutsucraft:clothes_sukuna_fushiguro_chestplate":1,"minecraft:furnace":1,"minecraft:acacia_planks":1,"jujutsucraft:sword_black":35,"minecraft:stone_pickaxe":113,"minecraft:oak_planks":1,"minecraft:wooden_pickaxe":59,"minecraft:sand":1,"minecraft:crafting_table":8,"minecraft:white_bed":1,"minecraft:black_bed":1,"jujutsucraft:uniform_normal_chestplate":1,"minecraft:iron_pickaxe":157,"minecraft:stone_axe":23,"minecraft:diamond_sword":1,"minecraft:wooden_sword":5,"minecraft:cobblestone":48,"minecraft:oak_boat":5},"minecraft:dropped":{"minecraft:lapis_lazuli":14,"minecraft:glow_ink_sac":30,"minecraft:yellow_terracotta":4,"jujutsucraft:sword_black":1,"minecraft:tropical_fish":2,"minecraft:rail":12,"minecraft:stick":1,"minecraft:wooden_axe":1,"minecraft:wooden_sword":1,"jujutsucraft:uniform_normal_leggings":1,"jujutsucraft:uniform_normal_chestplate":1,"minecraft:andesite":5,"jujutsucraft:clothes_kusakabe_leggings":1,"minecraft:birch_door":2,"minecraft:oak_sapling":1,"minecraft:wooden_shovel":1,"minecraft:stone_pickaxe":1,"minecraft:black_wool":1}},"DataVersion":3465}