{"stats":{"minecraft:used":{"minecraft:oak_door":5,"minecraft:torch":5,"minecraft:dirt":6,"jujutsucraft:clothes_fushiguro_toji_leggings":1,"jujutsucraft:clothes_zenin_boots":1,"minecraft:wooden_axe":10,"jujutsucraft:clothes_sukuna_fushiguro_chestplate":1,"minecraft:furnace":1,"minecraft:acacia_planks":1,"jujutsucraft:sword_black":35,"minecraft:stone_pickaxe":113,"minecraft:oak_planks":1,"minecraft:wooden_pickaxe":59,"minecraft:sand":1,"minecraft:crafting_table":7,"minecraft:white_bed":1,"minecraft:black_bed":1,"jujutsucraft:uniform_normal_chestplate":1,"minecraft:iron_pickaxe":38,"minecraft:stone_axe":11,"minecraft:wooden_sword":5,"minecraft:cobblestone":14,"minecraft:oak_boat":4},"minecraft:crafted":{"minecraft:wooden_sword":1,"minecraft:oak_door":3,"minecraft:oak_planks":16,"minecraft:furnace":1,"minecraft:stone_pickaxe":1,"minecraft:wooden_shovel":1,"minecraft:crafting_table":1,"minecraft:wooden_pickaxe":1,"minecraft:stone_axe":1,"minecraft:oak_boat":1,"minecraft:stick":16,"minecraft:iron_ingot":8,"minecraft:iron_pickaxe":1,"minecraft:wooden_axe":1,"minecraft:black_bed":1,"minecraft:acacia_planks":16,"minecraft:torch":4},"minecraft:broken":{"minecraft:wooden_pickaxe":1},"minecraft:custom":{"minecraft:mob_kills":382,"minecraft:interact_with_crafting_table":11,"minecraft:damage_dealt_resisted":275240,"minecraft:leave_game":4,"minecraft:time_since_death":17325,"minecraft:climb_one_cm":2544,"minecraft:damage_resisted":27485,"minecraft:sprint_one_cm":1144621,"minecraft:walk_one_cm":236691,"minecraft:drop":13,"minecraft:talked_to_villager":1,"minecraft:play_time":212781,"minecraft:deaths":55,"minecraft:sneak_time":1239,"minecraft:walk_under_water_one_cm":43203,"minecraft:interact_with_brewingstand":3,"minecraft:boat_one_cm":149445,"minecraft:jump":5645,"minecraft:walk_on_water_one_cm":128891,"minecraft:total_world_time":212781,"minecraft:interact_with_furnace":4,"minecraft:sleep_in_bed":3,"minecraft:time_since_rest":17352,"minecraft:damage_taken":25160,"minecraft:trigger_trapped_chest":1,"minecraft:damage_dealt":1026,"minecraft:swim_one_cm":133930,"minecraft:fly_one_cm":2018073,"minecraft:open_chest":10,"minecraft:crouch_one_cm":403,"minecraft:fall_one_cm":351792},"minecraft:killed":{"jujutsucraft:cursed_spirit_grade_32":13,"jujutsucraft:transfigured_human_3":1,"jujutsucraft:cursed_spirit_grade_21":1,"jujutsucraft:cursed_spirit_grade_31":1,"jujutsucraft:inumaki_toge":1,"jujutsucraft:cursed_spirit_grade_33":22,"jujutsucraft:reggie_star":1,"jujutsucraft:cursed_spirit_grade_11":2,"jujutsucraft:earthen_insect_trance":2,"jujutsucraft:cursed_spirit_grade_24":1,"jujutsucraft:cursed_spirit_grade_12":1,"jujutsucraft:miguel":1,"jujutsucraft:fushiguro_megumi_shibuya":1,"jujutsucraft:cursed_spirit_grade_35":3,"jujutsucraft:yoshino_junpei":1,"jujutsucraft:cursed_spirit_grade_318":5,"jujutsucraft:cursed_spirit_grade_22":2,"jujutsucraft:cursed_spirit_grade_316":2,"minecraft:cod":4,"minecraft:dolphin":1,"jujutsucraft:kumiya_juzo":1,"jujutsucraft:transfigured_human_2":1,"minecraft:pufferfish":2,"jujutsucraft:cursed_spirit_grade_04":1,"jujutsucraft:cursed_spirit_grade_39":31,"jujutsucraft:fox_fire":1,"jujutsucraft:shigemo_haruta":1,"jujutsucraft:cursed_spirit_grade_312":2,"jujutsucraft:cursed_spirit_grade_313":2,"jujutsucraft:larue":1,"jujutsucraft:cursed_spirit_grade_15":3,"minecraft:chicken":1,"jujutsucraft:cursed_spirit_grade_19":1,"jujutsucraft:cursed_spirit_grade_16":2,"jujutsucraft:rozetsu_shikigami":2,"jujutsucraft:cursed_spirit_grade_23":2,"jujutsucraft:itadori_yuji_shibuya":1,"jujutsucraft:eso":1,"jujutsucraft:cursed_spirit_grade_317":12,"jujutsucraft:cursed_spirit_grade_38":7,"jujutsucraft:cursed_spirit_grade_34":12,"jujutsucraft:transfigured_human_1":1,"minecraft:tropical_fish":40,"jujutsucraft:cursed_spirit_grade_27":3,"jujutsucraft:entity_door":4,"jujutsucraft:jujutsu_sorcerer":2,"jujutsucraft:awasaka_jiro":1,"jujutsucraft:zenin_jinichi":1,"minecraft:bat":23,"jujutsucraft:curse_user_1":3,"jujutsucraft:coffin":2,"jujutsucraft:curse_user":1,"jujutsucraft:cursed_spirit_grade_07":1,"minecraft:squid":4,"jujutsucraft:panda_gorilla":1,"jujutsucraft:cursed_spirit_grade_29":1,"jujutsucraft:cursed_spirit_grade_28":1,"jujutsucraft:cursed_spirit_grade_314":18,"jujutsucraft:entity_scissors":35,"jujutsucraft:kenjaku":1,"jujutsucraft:cursed_spirit_grade_14":1,"jujutsucraft:cockroaches":14,"jujutsucraft:cursed_spirit_grade_311":3,"jujutsucraft:cursed_spirit_grade_310":8,"jujutsucraft:negi_toshihisa":1,"jujutsucraft:cursed_spirit_grade_18":1,"jujutsucraft:cursed_spirit_grade_17":1,"jujutsucraft:cursed_spirit_grade_36":9,"jujutsucraft:cursed_spirit_grade_25":3,"jujutsucraft:cursed_spirit_grade_315":16,"jujutsucraft:cursed_spirit_grade_212":3,"jujutsucraft:cursed_spirit_grade_319":7,"jujutsucraft:killer_1":1,"jujutsucraft:cursed_spirit_grade_02":1,"jujutsucraft:cursed_spirit_grade_06":1,"minecraft:villager":2,"jujutsucraft:q":1,"jujutsucraft:gravestone_3":3},"minecraft:picked_up":{"minecraft:wooden_axe":1,"minecraft:crafting_table":6,"minecraft:birch_door":2,"minecraft:wooden_sword":1,"minecraft:red_sand":2,"jujutsucraft:sword_black":2,"minecraft:oak_boat":4,"minecraft:furnace":1,"minecraft:raw_iron":8,"minecraft:sandstone":7,"minecraft:stone":1,"minecraft:oak_door":2,"minecraft:torch":1,"minecraft:acacia_log":4,"minecraft:diorite":6,"minecraft:tropical_fish":2,"minecraft:hay_block":10,"jujutsucraft:clothes_kusakabe_leggings":2,"minecraft:yellow_terracotta":4,"minecraft:rail":12,"minecraft:cobblestone":134,"minecraft:feather":1,"minecraft:glow_ink_sac":1,"minecraft:andesite":5,"minecraft:flint":1,"minecraft:oak_log":4,"minecraft:lapis_lazuli":14,"minecraft:dirt":15,"minecraft:acacia_planks":1,"minecraft:kelp":64,"minecraft:wheat_seeds":3,"minecraft:stone_pickaxe":1,"minecraft:oak_planks":5,"minecraft:gravel":1,"minecraft:sand":5,"jujutsucraft:uniform_normal_chestplate":1,"minecraft:white_bed":1,"minecraft:diamond":5,"minecraft:granite":1,"minecraft:oak_sapling":1,"minecraft:black_wool":4,"minecraft:coal":21},"minecraft:mined":{"minecraft:diamond_ore":5,"minecraft:white_bed":1,"minecraft:oak_door":2,"minecraft:granite":1,"minecraft:acacia_log":4,"minecraft:grass_block":6,"minecraft:decorated_pot":2,"minecraft:sandstone":6,"minecraft:spawner":1,"minecraft:hay_block":10,"minecraft:furnace":1,"minecraft:iron_ore":10,"minecraft:andesite":5,"minecraft:packed_ice":8,"minecraft:stone":138,"minecraft:glass_pane":2,"minecraft:crafting_table":6,"minecraft:tall_grass":4,"minecraft:lapis_ore":2,"minecraft:oak_planks":5,"minecraft:diorite":7,"minecraft:black_wool":4,"minecraft:grass":20,"minecraft:oak_log":4,"minecraft:coal_ore":23,"minecraft:sand":2,"minecraft:gravel":2,"minecraft:dirt":9,"minecraft:acacia_planks":1},"minecraft:killed_by":{"jujutsucraft:transfigured_human_3":2,"jujutsucraft:cursed_spirit_grade_35":1,"jujutsucraft:cursed_spirit_grade_16":2,"jujutsucraft:kenjaku":4,"jujutsucraft:mahito":1,"jujutsucraft:cursed_spirit_grade_11":1,"jujutsucraft:cursed_spirit_grade_12":1,"jujutsucraft:hakari_kinji":1,"jujutsucraft:kashimo_hajime":3,"jujutsucraft:cursed_spirit_grade_07":1,"jujutsucraft:cursed_spirit_grade_22":4,"jujutsucraft:cursed_spirit_grade_26":1,"jujutsucraft:cursed_spirit_grade_110":1,"jujutsucraft:kusakabe_yatsuya":2,"jujutsucraft:fushiguro_toji":1,"jujutsucraft:fushiguro_megumi":1,"jujutsucraft:cursed_spirit_grade_04":1,"jujutsucraft:cursed_spirit_grade_27":5,"jujutsucraft:cursed_spirit_grade_23":1,"jujutsucraft:sukuna_fushiguro":1,"jujutsucraft:reggie_star":5,"jujutsucraft:jogo":1,"jujutsucraft:kumiya_juzo":4,"jujutsucraft:higuruma_hiromi":1,"jujutsucraft:ishigori_ryu":1,"jujutsucraft:yorozu":2,"jujutsucraft:cursed_spirit_grade_29":1,"jujutsucraft:eight_handled_swrod_divergent_sila_divine_general_mahoraga":3},"minecraft:dropped":{"minecraft:yellow_terracotta":3,"jujutsucraft:sword_black":1,"minecraft:tropical_fish":2,"minecraft:wooden_axe":1,"jujutsucraft:uniform_normal_leggings":1,"jujutsucraft:uniform_normal_chestplate":1,"minecraft:andesite":5,"jujutsucraft:clothes_kusakabe_leggings":1,"minecraft:oak_sapling":1,"minecraft:wooden_shovel":1,"minecraft:stone_pickaxe":1}},"DataVersion":3465}