{"stats":{"minecraft:picked_up":{"minecraft:crafting_table":1,"minecraft:feather":1,"minecraft:glow_ink_sac":1,"minecraft:dirt":10,"minecraft:acacia_planks":1,"minecraft:wheat_seeds":2,"minecraft:red_sand":2,"jujutsucraft:sword_black":1,"minecraft:stone":1,"minecraft:acacia_log":4,"minecraft:tropical_fish":2,"minecraft:hay_block":10,"minecraft:yellow_terracotta":1,"minecraft:oak_sapling":1},"minecraft:custom":{"minecraft:mob_kills":89,"minecraft:interact_with_crafting_table":4,"minecraft:damage_dealt_resisted":26521,"minecraft:leave_game":4,"minecraft:time_since_death":10772,"minecraft:climb_one_cm":1023,"minecraft:damage_resisted":8463,"minecraft:time_since_rest":10802,"minecraft:sprint_one_cm":250512,"minecraft:damage_taken":17210,"minecraft:walk_one_cm":73960,"minecraft:drop":1,"minecraft:damage_dealt":143,"minecraft:swim_one_cm":34386,"minecraft:fly_one_cm":1148408,"minecraft:play_time":99966,"minecraft:deaths":42,"minecraft:sneak_time":31,"minecraft:walk_under_water_one_cm":11175,"minecraft:jump":3560,"minecraft:walk_on_water_one_cm":74057,"minecraft:total_world_time":99966,"minecraft:fall_one_cm":231110},"minecraft:killed":{"jujutsucraft:cursed_spirit_grade_32":6,"jujutsucraft:transfigured_human_3":1,"jujutsucraft:cursed_spirit_grade_33":11,"jujutsucraft:reggie_star":1,"minecraft:bat":3,"jujutsucraft:cursed_spirit_grade_318":2,"jujutsucraft:kumiya_juzo":1,"jujutsucraft:curse_user":1,"jujutsucraft:cursed_spirit_grade_28":1,"jujutsucraft:cursed_spirit_grade_39":7,"jujutsucraft:shigemo_haruta":1,"jujutsucraft:cursed_spirit_grade_313":2,"jujutsucraft:cursed_spirit_grade_312":2,"jujutsucraft:cursed_spirit_grade_314":1,"jujutsucraft:cursed_spirit_grade_310":2,"jujutsucraft:negi_toshihisa":1,"minecraft:chicken":1,"jujutsucraft:cursed_spirit_grade_36":6,"jujutsucraft:cursed_spirit_grade_23":1,"jujutsucraft:cursed_spirit_grade_317":7,"jujutsucraft:cursed_spirit_grade_315":8,"jujutsucraft:cursed_spirit_grade_38":1,"jujutsucraft:cursed_spirit_grade_34":7,"jujutsucraft:cursed_spirit_grade_319":3,"jujutsucraft:transfigured_human_1":1,"minecraft:tropical_fish":5,"jujutsucraft:cursed_spirit_grade_27":3},"minecraft:killed_by":{"jujutsucraft:transfigured_human_3":2,"jujutsucraft:reggie_star":5,"jujutsucraft:cursed_spirit_grade_35":1,"jujutsucraft:cursed_spirit_grade_16":2,"jujutsucraft:mahito":1,"jujutsucraft:cursed_spirit_grade_11":1,"jujutsucraft:jogo":1,"jujutsucraft:kumiya_juzo":4,"jujutsucraft:kashimo_hajime":3,"jujutsucraft:cursed_spirit_grade_07":1,"jujutsucraft:cursed_spirit_grade_22":3,"jujutsucraft:ishigori_ryu":1,"jujutsucraft:cursed_spirit_grade_26":1,"jujutsucraft:yorozu":2,"jujutsucraft:kusakabe_yatsuya":1,"jujutsucraft:fushiguro_megumi":1,"jujutsucraft:cursed_spirit_grade_29":1,"jujutsucraft:eight_handled_swrod_divergent_sila_divine_general_mahoraga":3,"jujutsucraft:cursed_spirit_grade_27":5,"jujutsucraft:cursed_spirit_grade_23":1},"minecraft:mined":{"minecraft:crafting_table":1,"minecraft:acacia_log":4,"minecraft:grass_block":4,"minecraft:tall_grass":2,"minecraft:hay_block":10,"minecraft:grass":17,"minecraft:dirt":6,"minecraft:acacia_planks":1},"minecraft:crafted":{"minecraft:wooden_sword":1,"minecraft:crafting_table":1,"minecraft:stick":4,"minecraft:wooden_axe":1,"minecraft:acacia_planks":16},"minecraft:used":{"jujutsucraft:sword_black":26,"minecraft:dirt":6,"minecraft:crafting_table":2,"jujutsucraft:clothes_fushiguro_toji_leggings":1,"jujutsucraft:clothes_zenin_boots":1,"minecraft:wooden_axe":3,"jujutsucraft:clothes_sukuna_fushiguro_chestplate":1,"minecraft:wooden_sword":5,"minecraft:acacia_planks":1},"minecraft:dropped":{"minecraft:tropical_fish":2}},"DataVersion":3465}