{"stats":{"minecraft:crafted":{"minecraft:wooden_sword":1,"minecraft:oak_planks":16,"minecraft:wooden_shovel":1,"minecraft:crafting_table":1,"minecraft:oak_boat":1,"minecraft:stick":8,"minecraft:wooden_axe":1,"minecraft:acacia_planks":16},"minecraft:mined":{"minecraft:white_bed":1,"minecraft:crafting_table":2,"minecraft:acacia_log":4,"minecraft:grass_block":6,"minecraft:tall_grass":2,"minecraft:hay_block":10,"minecraft:grass":19,"minecraft:oak_log":4,"minecraft:dirt":9,"minecraft:acacia_planks":1},"minecraft:used":{"jujutsucraft:sword_black":32,"minecraft:dirt":6,"minecraft:crafting_table":2,"jujutsucraft:clothes_fushiguro_toji_leggings":1,"minecraft:white_bed":1,"jujutsucraft:clothes_zenin_boots":1,"minecraft:wooden_axe":8,"jujutsucraft:clothes_sukuna_fushiguro_chestplate":1,"minecraft:wooden_sword":5,"minecraft:oak_boat":4,"minecraft:acacia_planks":1},"minecraft:killed_by":{"jujutsucraft:transfigured_human_3":2,"jujutsucraft:reggie_star":5,"jujutsucraft:cursed_spirit_grade_35":1,"jujutsucraft:cursed_spirit_grade_16":2,"jujutsucraft:mahito":1,"jujutsucraft:cursed_spirit_grade_11":1,"jujutsucraft:cursed_spirit_grade_12":1,"jujutsucraft:jogo":1,"jujutsucraft:kumiya_juzo":4,"jujutsucraft:kashimo_hajime":3,"jujutsucraft:cursed_spirit_grade_07":1,"jujutsucraft:cursed_spirit_grade_22":4,"jujutsucraft:ishigori_ryu":1,"jujutsucraft:cursed_spirit_grade_26":1,"jujutsucraft:yorozu":2,"jujutsucraft:kusakabe_yatsuya":1,"jujutsucraft:fushiguro_megumi":1,"jujutsucraft:cursed_spirit_grade_29":1,"jujutsucraft:eight_handled_swrod_divergent_sila_divine_general_mahoraga":3,"jujutsucraft:cursed_spirit_grade_27":5,"jujutsucraft:cursed_spirit_grade_23":1},"minecraft:custom":{"minecraft:mob_kills":104,"minecraft:interact_with_crafting_table":5,"minecraft:damage_dealt_resisted":31967,"minecraft:leave_game":4,"minecraft:time_since_death":11064,"minecraft:sleep_in_bed":1,"minecraft:climb_one_cm":1023,"minecraft:damage_resisted":10070,"minecraft:time_since_rest":11096,"minecraft:damage_taken":18285,"minecraft:sprint_one_cm":299524,"minecraft:walk_one_cm":84138,"minecraft:drop":4,"minecraft:damage_dealt":256,"minecraft:swim_one_cm":37468,"minecraft:fly_one_cm":1332445,"minecraft:crouch_one_cm":377,"minecraft:play_time":117872,"minecraft:deaths":44,"minecraft:sneak_time":623,"minecraft:walk_under_water_one_cm":15780,"minecraft:jump":4120,"minecraft:boat_one_cm":149445,"minecraft:walk_on_water_one_cm":75941,"minecraft:total_world_time":117872,"minecraft:fall_one_cm":267006},"minecraft:dropped":{"jujutsucraft:sword_black":1,"minecraft:tropical_fish":2,"minecraft:wooden_axe":1,"minecraft:wooden_shovel":1},"minecraft:killed":{"jujutsucraft:cursed_spirit_grade_32":6,"jujutsucraft:transfigured_human_3":1,"jujutsucraft:cursed_spirit_grade_33":13,"jujutsucraft:reggie_star":1,"jujutsucraft:cursed_spirit_grade_24":1,"minecraft:bat":3,"jujutsucraft:cursed_spirit_grade_318":2,"jujutsucraft:kumiya_juzo":1,"jujutsucraft:cursed_spirit_grade_316":1,"jujutsucraft:cursed_spirit_grade_22":1,"jujutsucraft:curse_user":1,"jujutsucraft:cursed_spirit_grade_28":1,"jujutsucraft:cursed_spirit_grade_39":9,"jujutsucraft:shigemo_haruta":1,"jujutsucraft:cursed_spirit_grade_313":2,"jujutsucraft:cursed_spirit_grade_312":2,"jujutsucraft:cursed_spirit_grade_314":3,"jujutsucraft:cursed_spirit_grade_311":1,"jujutsucraft:cursed_spirit_grade_310":2,"minecraft:chicken":1,"jujutsucraft:negi_toshihisa":1,"jujutsucraft:cursed_spirit_grade_36":7,"jujutsucraft:rozetsu_shikigami":1,"jujutsucraft:cursed_spirit_grade_23":1,"jujutsucraft:cursed_spirit_grade_317":8,"jujutsucraft:cursed_spirit_grade_315":8,"jujutsucraft:cursed_spirit_grade_34":8,"jujutsucraft:cursed_spirit_grade_38":1,"jujutsucraft:cursed_spirit_grade_319":4,"jujutsucraft:transfigured_human_1":1,"minecraft:tropical_fish":5,"jujutsucraft:cursed_spirit_grade_27":3},"minecraft:picked_up":{"minecraft:wooden_axe":1,"minecraft:crafting_table":2,"minecraft:feather":1,"minecraft:glow_ink_sac":1,"minecraft:oak_log":4,"minecraft:dirt":15,"minecraft:acacia_planks":1,"minecraft:wheat_seeds":3,"minecraft:red_sand":2,"jujutsucraft:sword_black":2,"minecraft:oak_boat":4,"minecraft:stone":1,"minecraft:acacia_log":4,"minecraft:white_bed":1,"minecraft:tropical_fish":2,"minecraft:hay_block":10,"minecraft:yellow_terracotta":1,"minecraft:oak_sapling":1}},"DataVersion":3465}