{"stats":{"minecraft:picked_up":{"minecraft:crafting_table":1,"minecraft:stone":1,"minecraft:feather":1,"minecraft:acacia_log":4,"minecraft:dirt":10,"minecraft:acacia_planks":1,"minecraft:tropical_fish":2,"minecraft:red_sand":2,"jujutsucraft:sword_black":1,"minecraft:yellow_terracotta":1,"minecraft:oak_sapling":1},"minecraft:killed":{"jujutsucraft:cursed_spirit_grade_32":4,"jujutsucraft:transfigured_human_3":1,"jujutsucraft:cursed_spirit_grade_39":3,"jujutsucraft:cursed_spirit_grade_33":9,"jujutsucraft:reggie_star":1,"jujutsucraft:cursed_spirit_grade_313":2,"jujutsucraft:cursed_spirit_grade_310":2,"minecraft:chicken":1,"jujutsucraft:cursed_spirit_grade_36":4,"minecraft:bat":3,"jujutsucraft:cursed_spirit_grade_317":6,"jujutsucraft:cursed_spirit_grade_318":2,"jujutsucraft:cursed_spirit_grade_315":6,"jujutsucraft:cursed_spirit_grade_34":5,"jujutsucraft:cursed_spirit_grade_319":3,"jujutsucraft:transfigured_human_1":1,"minecraft:tropical_fish":5,"jujutsucraft:cursed_spirit_grade_27":1},"minecraft:custom":{"minecraft:time_since_rest":169,"minecraft:damage_taken":12873,"minecraft:sprint_one_cm":188774,"minecraft:walk_one_cm":53689,"minecraft:mob_kills":62,"minecraft:damage_dealt":130,"minecraft:swim_one_cm":24954,"minecraft:interact_with_crafting_table":3,"minecraft:fly_one_cm":830622,"minecraft:play_time":75966,"minecraft:deaths":33,"minecraft:sneak_time":31,"minecraft:walk_under_water_one_cm":6725,"minecraft:damage_dealt_resisted":14407,"minecraft:jump":2644,"minecraft:leave_game":4,"minecraft:time_since_death":117,"minecraft:walk_on_water_one_cm":42117,"minecraft:total_world_time":75966,"minecraft:climb_one_cm":1023,"minecraft:damage_resisted":4196,"minecraft:fall_one_cm":140617},"minecraft:killed_by":{"jujutsucraft:yorozu":2,"jujutsucraft:transfigured_human_3":2,"jujutsucraft:reggie_star":4,"jujutsucraft:cursed_spirit_grade_35":1,"jujutsucraft:kusakabe_yatsuya":1,"jujutsucraft:cursed_spirit_grade_16":2,"jujutsucraft:fushiguro_megumi":1,"jujutsucraft:cursed_spirit_grade_29":1,"jujutsucraft:jogo":1,"jujutsucraft:kumiya_juzo":1,"jujutsucraft:eight_handled_swrod_divergent_sila_divine_general_mahoraga":2,"jujutsucraft:kashimo_hajime":3,"jujutsucraft:cursed_spirit_grade_07":1,"jujutsucraft:cursed_spirit_grade_27":5,"jujutsucraft:cursed_spirit_grade_22":3,"jujutsucraft:ishigori_ryu":1,"jujutsucraft:cursed_spirit_grade_26":1},"minecraft:mined":{"minecraft:crafting_table":1,"minecraft:grass":9,"minecraft:acacia_log":4,"minecraft:grass_block":4,"minecraft:dirt":6,"minecraft:acacia_planks":1},"minecraft:crafted":{"minecraft:wooden_sword":1,"minecraft:crafting_table":1,"minecraft:stick":4,"minecraft:wooden_axe":1,"minecraft:acacia_planks":16},"minecraft:used":{"jujutsucraft:sword_black":6,"jujutsucraft:clothes_zenin_boots":1,"minecraft:wooden_axe":3,"jujutsucraft:clothes_sukuna_fushiguro_chestplate":1,"minecraft:wooden_sword":5,"minecraft:dirt":6,"minecraft:acacia_planks":1,"minecraft:crafting_table":1,"jujutsucraft:clothes_fushiguro_toji_leggings":1}},"DataVersion":3465}