{"stats":{"minecraft:dropped":{"jujutsucraft:uniform_gojo_boots":1,"jujutsucraft:uniform_gojo_leggings":1,"minecraft:dirt":1,"jujutsucraft:entity_broom_spawn_egg":1,"jujutsucraft:glasses_maki_leggings":1,"jujutsucraft:uniform_gojo_helmet":1,"jujutsucraft:uniform_gojo_chestplate":1},"minecraft:killed_by":{"jujutsucraft:cursed_spirit_grade_25":1,"jujutsucraft:zenin_naoya_cursed_spirit_1":1},"minecraft:custom":{"minecraft:mob_kills":297,"minecraft:damage_dealt_resisted":137744,"minecraft:leave_game":2,"minecraft:time_since_death":59895,"minecraft:time_since_rest":59921,"minecraft:sprint_one_cm":91953,"minecraft:walk_one_cm":46384,"minecraft:damage_taken":1047,"minecraft:drop":7,"minecraft:damage_dealt":2168,"minecraft:swim_one_cm":2265,"minecraft:fly_one_cm":544790,"minecraft:play_time":67346,"minecraft:deaths":2,"minecraft:walk_under_water_one_cm":135,"minecraft:jump":1129,"minecraft:walk_on_water_one_cm":1088,"minecraft:total_world_time":67346,"minecraft:fall_one_cm":16527},"minecraft:picked_up":{"minecraft:feather":2,"jujutsucraft:uniform_gojo_boots":1,"minecraft:chicken":3,"minecraft:dirt":1,"jujutsucraft:uniform_normal_leggings":1,"minecraft:wheat_seeds":4,"minecraft:egg":1,"jujutsucraft:uniform_higuruma_leggings":1,"minecraft:torch":1,"jujutsucraft:glasses_maki_leggings":1,"minecraft:porkchop":2,"jujutsucraft:uniform_normal_chestplate":1,"jujutsucraft:uniform_gojo_chestplate":1,"jujutsucraft:uniform_gojo_helmet":1,"minecraft:grass":1},"minecraft:used":{"jujutsucraft:entity_broom_spawn_egg":3,"jujutsucraft:sukuna_finger":17,"jujutsucraft:uniform_gojo_boots":3,"jujutsucraft:uniform_normal_chestplate":1,"jujutsucraft:uniform_gojo_chestplate":3,"jujutsucraft:uniform_gojo_helmet":3,"jujutsucraft:uniform_gojo_leggings":2,"jujutsucraft:uniform_normal_leggings":1,"jujutsucraft:sukuna_spawn_egg":1},"minecraft:mined":{"minecraft:tall_grass":3,"minecraft:grass":11},"minecraft:killed":{"jujutsucraft:cursed_spirit_grade_32":9,"jujutsucraft:transfigured_human_3":1,"jujutsucraft:cursed_spirit_grade_21":2,"jujutsucraft:cursed_spirit_grade_31":1,"jujutsucraft:cursed_spirit_grade_33":23,"minecraft:pig":2,"jujutsucraft:nanako":2,"jujutsucraft:cursed_spirit_grade_11":2,"jujutsucraft:jujutsu_sorcerer":1,"jujutsucraft:truck":1,"jujutsucraft:nishimiya_momo":1,"jujutsucraft:cursed_spirit_grade_12":1,"jujutsucraft:fushiguro_megumi_shibuya":1,"jujutsucraft:cursed_spirit_grade_09":1,"minecraft:bat":19,"jujutsucraft:cursed_spirit_grade_35":1,"jujutsucraft:yoshino_junpei":1,"jujutsucraft:cursed_spirit_grade_318":14,"jujutsucraft:curse_user_1":2,"jujutsucraft:cursed_spirit_grade_211":1,"jujutsucraft:cursed_spirit_grade_26":3,"jujutsucraft:curse_user":3,"jujutsucraft:transfigured_human_2":3,"jujutsucraft:cursed_spirit_grade_03":1,"minecraft:sheep":7,"minecraft:horse":1,"jujutsucraft:cursed_spirit_grade_29":2,"jujutsucraft:cursed_spirit_grade_05":1,"jujutsucraft:cursed_spirit_grade_28":2,"jujutsucraft:cursed_spirit_grade_39":15,"jujutsucraft:shigemo_haruta":2,"jujutsucraft:cursed_spirit_grade_314":18,"jujutsucraft:cursed_spirit_grade_313":1,"jujutsucraft:cursed_spirit_grade_14":1,"jujutsucraft:crow":1,"jujutsucraft:cursed_spirit_grade_311":2,"jujutsucraft:cursed_spirit_grade_310":4,"jujutsucraft:cursed_spirit_grade_15":1,"minecraft:chicken":5,"jujutsucraft:cursed_spirit_grade_18":1,"jujutsucraft:cursed_spirit_grade_36":18,"jujutsucraft:todo_aoi":2,"jujutsucraft:cursed_spirit_grade_08":1,"jujutsucraft:cursed_spirit_grade_23":2,"jujutsucraft:itadori_yuji_shibuya":1,"jujutsucraft:moon_dregs":2,"jujutsucraft:cursed_spirit_grade_317":22,"jujutsucraft:cursed_spirit_grade_315":17,"jujutsucraft:cursed_spirit_grade_38":7,"jujutsucraft:cursed_spirit_grade_212":3,"jujutsucraft:cursed_spirit_grade_34":29,"jujutsucraft:cursed_spirit_grade_319":17,"jujutsucraft:geto_suguru_curse_user":1,"jujutsucraft:cursed_spirit_grade_06":1,"jujutsucraft:nanami_kento":1,"jujutsucraft:transfigured_human_1":1,"jujutsucraft:higuruma_hiromi":1,"jujutsucraft:kurusu_hana":2,"jujutsucraft:kamo_noritoshi":2,"minecraft:villager":3,"jujutsucraft:cursed_spirit_grade_27":2,"jujutsucraft:ogami":2}},"DataVersion":3465}