{"stats":{"minecraft:used":{"jujutsucraft:uniform_gojo_helmet":3,"jujutsucraft:entity_broom_spawn_egg":3,"jujutsucraft:uniform_gojo_leggings":2,"jujutsucraft:sukuna_finger":1,"jujutsucraft:uniform_gojo_boots":3,"jujutsucraft:uniform_normal_leggings":1,"jujutsucraft:uniform_gojo_chestplate":3,"jujutsucraft:uniform_normal_chestplate":1},"minecraft:custom":{"minecraft:time_since_rest":32149,"minecraft:sprint_one_cm":65257,"minecraft:damage_taken":1047,"minecraft:walk_one_cm":33179,"minecraft:mob_kills":56,"minecraft:drop":5,"minecraft:damage_dealt":2132,"minecraft:swim_one_cm":2265,"minecraft:fly_one_cm":348476,"minecraft:play_time":39574,"minecraft:deaths":2,"minecraft:walk_under_water_one_cm":135,"minecraft:jump":800,"minecraft:damage_dealt_resisted":9259,"minecraft:leave_game":2,"minecraft:walk_on_water_one_cm":1088,"minecraft:time_since_death":32123,"minecraft:total_world_time":39574,"minecraft:fall_one_cm":16527},"minecraft:mined":{"minecraft:grass":11,"minecraft:tall_grass":3},"minecraft:killed":{"minecraft:sheep":7,"minecraft:horse":1,"jujutsucraft:cursed_spirit_grade_33":1,"jujutsucraft:cursed_spirit_grade_314":2,"minecraft:pig":2,"minecraft:chicken":2,"jujutsucraft:truck":1,"jujutsucraft:cursed_spirit_grade_36":6,"minecraft:bat":15,"jujutsucraft:cursed_spirit_grade_318":2,"jujutsucraft:moon_dregs":1,"jujutsucraft:cursed_spirit_grade_38":1,"jujutsucraft:cursed_spirit_grade_317":1,"jujutsucraft:cursed_spirit_grade_315":3,"jujutsucraft:cursed_spirit_grade_211":1,"jujutsucraft:cursed_spirit_grade_34":2,"jujutsucraft:cursed_spirit_grade_319":3,"jujutsucraft:curse_user":1,"minecraft:villager":3,"jujutsucraft:kamo_noritoshi":1},"minecraft:picked_up":{"minecraft:chicken":1,"minecraft:feather":1,"jujutsucraft:uniform_gojo_boots":1,"minecraft:torch":1,"minecraft:porkchop":2,"jujutsucraft:uniform_normal_chestplate":1,"jujutsucraft:uniform_gojo_chestplate":1,"jujutsucraft:uniform_gojo_helmet":1,"minecraft:dirt":1,"jujutsucraft:uniform_normal_leggings":1,"minecraft:wheat_seeds":4,"minecraft:grass":1,"minecraft:egg":1},"minecraft:killed_by":{"jujutsucraft:cursed_spirit_grade_25":1,"jujutsucraft:zenin_naoya_cursed_spirit_1":1},"minecraft:dropped":{"jujutsucraft:uniform_gojo_boots":1,"jujutsucraft:entity_broom_spawn_egg":1,"jujutsucraft:uniform_gojo_leggings":1,"jujutsucraft:uniform_gojo_helmet":1,"jujutsucraft:uniform_gojo_chestplate":1}},"DataVersion":3465}