{"stats":{"minecraft:dropped":{"jujutsucraft:uniform_gojo_boots":1,"jujutsucraft:uniform_gojo_leggings":1,"jujutsucraft:entity_broom_spawn_egg":1,"jujutsucraft:uniform_gojo_helmet":1,"jujutsucraft:uniform_gojo_chestplate":1},"minecraft:killed_by":{"jujutsucraft:cursed_spirit_grade_25":1,"jujutsucraft:zenin_naoya_cursed_spirit_1":1},"minecraft:custom":{"minecraft:mob_kills":218,"minecraft:damage_dealt_resisted":93722,"minecraft:leave_game":2,"minecraft:time_since_death":47895,"minecraft:time_since_rest":47921,"minecraft:sprint_one_cm":79368,"minecraft:walk_one_cm":40616,"minecraft:damage_taken":1047,"minecraft:drop":5,"minecraft:damage_dealt":2168,"minecraft:swim_one_cm":2265,"minecraft:fly_one_cm":439524,"minecraft:play_time":55346,"minecraft:deaths":2,"minecraft:walk_under_water_one_cm":135,"minecraft:jump":990,"minecraft:walk_on_water_one_cm":1088,"minecraft:total_world_time":55346,"minecraft:fall_one_cm":16527},"minecraft:picked_up":{"minecraft:feather":2,"jujutsucraft:uniform_gojo_boots":1,"minecraft:chicken":2,"minecraft:dirt":1,"jujutsucraft:uniform_normal_leggings":1,"minecraft:wheat_seeds":4,"minecraft:egg":1,"minecraft:torch":1,"jujutsucraft:glasses_maki_leggings":1,"minecraft:porkchop":2,"jujutsucraft:uniform_normal_chestplate":1,"jujutsucraft:uniform_gojo_chestplate":1,"jujutsucraft:uniform_gojo_helmet":1,"minecraft:grass":1},"minecraft:used":{"jujutsucraft:entity_broom_spawn_egg":3,"jujutsucraft:sukuna_finger":13,"jujutsucraft:uniform_gojo_boots":3,"jujutsucraft:uniform_normal_chestplate":1,"jujutsucraft:uniform_gojo_chestplate":3,"jujutsucraft:uniform_gojo_helmet":3,"jujutsucraft:uniform_gojo_leggings":2,"jujutsucraft:uniform_normal_leggings":1},"minecraft:mined":{"minecraft:tall_grass":3,"minecraft:grass":11},"minecraft:killed":{"jujutsucraft:cursed_spirit_grade_32":7,"jujutsucraft:transfigured_human_3":1,"jujutsucraft:cursed_spirit_grade_21":1,"jujutsucraft:cursed_spirit_grade_31":1,"jujutsucraft:cursed_spirit_grade_33":23,"minecraft:pig":2,"jujutsucraft:nanako":2,"jujutsucraft:cursed_spirit_grade_11":1,"jujutsucraft:jujutsu_sorcerer":1,"jujutsucraft:truck":1,"jujutsucraft:nishimiya_momo":1,"jujutsucraft:fushiguro_megumi_shibuya":1,"jujutsucraft:cursed_spirit_grade_09":1,"minecraft:bat":19,"jujutsucraft:cursed_spirit_grade_35":1,"jujutsucraft:cursed_spirit_grade_318":6,"jujutsucraft:curse_user_1":1,"jujutsucraft:cursed_spirit_grade_211":1,"jujutsucraft:cursed_spirit_grade_26":1,"jujutsucraft:curse_user":3,"jujutsucraft:transfigured_human_2":3,"minecraft:sheep":7,"minecraft:horse":1,"jujutsucraft:cursed_spirit_grade_05":1,"jujutsucraft:cursed_spirit_grade_28":2,"jujutsucraft:cursed_spirit_grade_39":6,"jujutsucraft:shigemo_haruta":2,"jujutsucraft:cursed_spirit_grade_314":10,"jujutsucraft:cursed_spirit_grade_313":1,"jujutsucraft:crow":1,"jujutsucraft:cursed_spirit_grade_311":1,"jujutsucraft:cursed_spirit_grade_310":2,"minecraft:chicken":3,"jujutsucraft:cursed_spirit_grade_36":12,"jujutsucraft:todo_aoi":2,"jujutsucraft:cursed_spirit_grade_23":1,"jujutsucraft:moon_dregs":1,"jujutsucraft:cursed_spirit_grade_317":13,"jujutsucraft:cursed_spirit_grade_315":14,"jujutsucraft:cursed_spirit_grade_38":4,"jujutsucraft:cursed_spirit_grade_212":1,"jujutsucraft:cursed_spirit_grade_34":28,"jujutsucraft:cursed_spirit_grade_319":16,"jujutsucraft:transfigured_human_1":1,"jujutsucraft:kurusu_hana":2,"jujutsucraft:kamo_noritoshi":1,"minecraft:villager":3,"jujutsucraft:cursed_spirit_grade_27":2,"jujutsucraft:ogami":2}},"DataVersion":3465}