{"stats":{"minecraft:dropped":{"jujutsucraft:uniform_gojo_boots":1,"jujutsucraft:item_master_simple_domain":1,"minecraft:netherite_sword":1,"jujutsucraft:uniform_gojo_leggings":1,"jujutsucraft:cursed_technique_changer":4,"jujutsucraft:item_master_falling_blossom_emotion":1,"minecraft:chicken":3,"minecraft:feather":2,"minecraft:dirt":1,"jujutsucraft:entity_broom_spawn_egg":64,"jujutsucraft:glasses_maki_leggings":1,"jujutsucraft:uniform_gojo_helmet":1,"jujutsucraft:item_master_reverse_cursed_technique":1,"jujutsucraft:uniform_gojo_chestplate":1,"minecraft:egg":1},"minecraft:killed_by":{"jujutsucraft:cursed_spirit_grade_25":1,"jujutsucraft:zenin_naoya_cursed_spirit_1":1},"minecraft:custom":{"minecraft:mob_kills":367,"minecraft:damage_dealt_resisted":165385,"minecraft:leave_game":4,"minecraft:time_since_death":8931,"minecraft:damage_resisted":641,"minecraft:time_since_rest":8980,"minecraft:damage_taken":1206,"minecraft:sprint_one_cm":144291,"minecraft:walk_one_cm":88237,"minecraft:drop":21,"minecraft:damage_dealt":3039,"minecraft:swim_one_cm":3210,"minecraft:player_kills":8,"minecraft:fly_one_cm":845792,"minecraft:play_time":108232,"minecraft:deaths":4,"minecraft:walk_under_water_one_cm":369,"minecraft:jump":1915,"minecraft:walk_on_water_one_cm":3096,"minecraft:total_world_time":108232,"minecraft:fall_one_cm":40356},"minecraft:picked_up":{"minecraft:feather":2,"minecraft:chicken":3,"jujutsucraft:uniform_gojo_boots":1,"minecraft:dirt":1,"jujutsucraft:uniform_normal_leggings":1,"jujutsucraft:pendant_todo_aoi":2,"jujutsucraft:knife":1,"minecraft:wheat_seeds":4,"jujutsucraft:sword_black":1,"minecraft:egg":1,"jujutsucraft:uniform_higuruma_leggings":1,"jujutsucraft:playful_cloud":1,"minecraft:torch":1,"jujutsucraft:glasses_maki_leggings":1,"minecraft:porkchop":2,"jujutsucraft:uniform_normal_chestplate":1,"jujutsucraft:uniform_gojo_chestplate":1,"jujutsucraft:uniform_gojo_helmet":1,"minecraft:grass":1},"minecraft:used":{"minecraft:netherite_sword":15,"jujutsucraft:fushiguro_toji_bug_spawn_egg":1,"jujutsucraft:entity_broom_spawn_egg":3,"jujutsucraft:sukuna_perfect_spawn_egg":1,"jujutsucraft:sukuna_finger":19,"jujutsucraft:uniform_gojo_boots":3,"jujutsucraft:uniform_normal_chestplate":1,"jujutsucraft:uniform_gojo_chestplate":3,"jujutsucraft:uniform_gojo_helmet":3,"jujutsucraft:uniform_gojo_leggings":2,"jujutsucraft:uniform_normal_leggings":1,"jujutsucraft:sukuna_spawn_egg":1,"jujutsucraft:fushiguro_toji_spawn_egg":1},"minecraft:mined":{"minecraft:tall_grass":3,"minecraft:grass":11},"minecraft:killed":{"jujutsucraft:cursed_spirit_grade_32":13,"jujutsucraft:transfigured_human_3":2,"jujutsucraft:cursed_spirit_grade_21":2,"jujutsucraft:cursed_spirit_grade_33":25,"jujutsucraft:cursed_spirit_grade_31":2,"jujutsucraft:dhruv_lakdawalla":1,"minecraft:pig":3,"jujutsucraft:zenin_chojuro":1,"jujutsucraft:nanako":2,"jujutsucraft:cursed_spirit_grade_11":2,"jujutsucraft:charles_bernard":1,"jujutsucraft:jujutsu_sorcerer":2,"jujutsucraft:truck":1,"jujutsucraft:nishimiya_momo":1,"jujutsucraft:cursed_spirit_grade_12":1,"jujutsucraft:fushiguro_megumi_shibuya":1,"jujutsucraft:cursed_spirit_grade_09":1,"minecraft:bat":19,"jujutsucraft:cursed_spirit_grade_37":1,"jujutsucraft:cursed_spirit_grade_35":3,"jujutsucraft:yoshino_junpei":1,"jujutsucraft:zenin_maki":1,"minecraft:cod":2,"jujutsucraft:cursed_spirit_grade_318":15,"jujutsucraft:shikigami_heterocephalus_glaber":1,"jujutsucraft:curse_user_1":2,"jujutsucraft:cursed_spirit_grade_211":2,"jujutsucraft:cursed_spirit_grade_26":3,"jujutsucraft:curse_user":4,"jujutsucraft:transfigured_human_2":3,"jujutsucraft:cursed_spirit_grade_03":1,"jujutsucraft:itadori_yuji":2,"jujutsucraft:cursed_spirit_grade_01":1,"minecraft:pufferfish":2,"jujutsucraft:shikigami_pterosaur":9,"minecraft:sheep":7,"minecraft:horse":1,"jujutsucraft:cursed_spirit_grade_05":1,"jujutsucraft:cursed_spirit_grade_29":2,"jujutsucraft:cursed_spirit_grade_28":2,"jujutsucraft:cursed_spirit_grade_39":17,"jujutsucraft:shigemo_haruta":2,"jujutsucraft:cursed_spirit_grade_314":20,"jujutsucraft:cursed_spirit_grade_312":1,"jujutsucraft:cursed_spirit_grade_313":1,"jujutsucraft:crow":1,"jujutsucraft:cursed_spirit_grade_14":1,"jujutsucraft:cursed_spirit_grade_311":2,"jujutsucraft:cursed_spirit_grade_310":5,"jujutsucraft:cursed_spirit_grade_15":1,"minecraft:chicken":5,"jujutsucraft:cursed_spirit_grade_18":1,"jujutsucraft:fushiguro_toji":1,"jujutsucraft:cursed_spirit_grade_36":21,"jujutsucraft:todo_aoi":3,"jujutsucraft:cursed_spirit_grade_08":2,"jujutsucraft:cursed_spirit_grade_23":2,"jujutsucraft:itadori_yuji_shibuya":1,"jujutsucraft:moon_dregs":2,"minecraft:tropical_fish":4,"jujutsucraft:cursed_spirit_grade_317":22,"jujutsucraft:cursed_spirit_grade_315":23,"jujutsucraft:cursed_spirit_grade_38":8,"jujutsucraft:cursed_spirit_grade_212":3,"jujutsucraft:cursed_spirit_grade_34":33,"jujutsucraft:cursed_spirit_grade_319":18,"jujutsucraft:nanami_kento":1,"jujutsucraft:transfigured_human_1":3,"jujutsucraft:geto_suguru_curse_user":1,"jujutsucraft:kurusu_hana":2,"jujutsucraft:higuruma_hiromi":1,"jujutsucraft:cursed_spirit_grade_27":2,"jujutsucraft:cursed_spirit_grade_06":1,"minecraft:villager":3,"jujutsucraft:kamo_noritoshi":2,"jujutsucraft:q":1,"minecraft:cow":2,"jujutsucraft:ogami":2}},"DataVersion":3465}